Word1,Word2
mcalfu,mcalfu
preinohafion,preinopafion
unpet,unfet
preyob,proyob
nirhan,nirhan
ninutmoalbe,nirutmoalbe
nsioinore,msioinore
mtaoinre,msaoinre
lteoin,lteoin
predefito,predefito
pernilte,perniyte
unpremafer,unpremafer
pekeion,pekeion
oposioner,oposioner
nirholuflbea,nirholuflbea
eodpnoire,eodpyoire
nuedpmea,nuidpmea
undeimv,undeimt
repanhr,repancr
deunmet,deunmet
deinkoto,deinkoto
vimeblalfu,vimeblalfu
deprepeba,deprepeba
unhiw,
edmos,edmos
edehdse,edehdso
predeemfion,predeemfion
edidz,edidg
depreemhable,depreemhable
nuedsma,nuedsma
repobm,repebm
dexivovableful,dexivovableful
presoferion,presoferion
presiba,presiba
indeadac,indeadac
nupepe,nupepe
ohtenoi,ohtenoi
depedet,depeset
efwinio,afwinio
deumh,deumh
erpsapik,erpsapik
preegahioner,preegahioner
predusep,predusip
orhelabflu,orhelabflu
deitu,deitu
niheawniore,niheawniore
depasaioner,depasaioner
edxso,idxso
kahaable,kahaable
nuosm,neosm
edratreoni,edratreoni
unboh,enboh
epredemtino,epredemtino
prenart,pranart
iytableful,iytableful
narhful,nerhful
nugey,nogey
depregol,depyegol
luglaeb,luglieb
nuepdialbeufl,neepdialbeufl
edniaekt,edniaekt
preutoerion,preutoerion
mrsirenoi,mrsirenoi
rehful,retful
hobuserion,hobuserion
numta,numta
edacd,
nihojyrenoi,nipojyrenoi
edsaya,edsaya
ednuetyufl,ednuetyufl
edcausd,edcausd
nuedapw,nuedapw
nuumhealbeulf,nuumhealbeulf
nieohl,niiohl
unbih,unbih
iniyterion,iniyterion
aaptre,eaptre
esogioner,isogioner
deata,seata
undeaka,undeaka
sicful,sicfil
predeotok,predeotok
prepeba,prepeba
igufulable,itufulable
erpuion,erpuion
wifelfublea,wifelfublea
jepion,jepion
niedothcare,niedothcare
deinese,doinese
edaks,edaks
nursin,
inpresom,inpresom
depreahatable,depreehatable
deuncor,deuncon
efaful,efafal
deunyuser,deunyuser
niiog,nioog
erpoix,erpoix
rmsaoin,wmsaoin
deeta,deeta
niedhagta,niedhagta
odcre,odcre
dsibelaufl,dsibeleufl
pertrii,pertrii
niuit,yiuit
inuneseion,inuneseion
ednumefnio,ednumefnio
predoh,predoh
rpevmi,rgevmi
demirt,
isoable,iseable
ekfre,ekhre
demod,domod
nuyip,nuyip
dedop,dedop
nioohr,nioohr
marvableful,marvabyeful
olhuerion,olhuarion
nidshee,nidsheu
eprmsi,
nihmreaeblflu,nihmreaeblflu
delasfulable,dulasfulable
amcable,amcable
rpetor,rpetor
delas,delas
edepre,edepre
preeytableful,preeytableful
deexop,
nunibbeetaleb,runibbeetaleb
unpredohion,urpredohion
lojcion,lojcion
nipminiore,nipmineore
ardfulable,ardfulable
undetad,undatad
unpreeteful,unhreeteful
elciful,elcifal
nuedlaad,nuedlaad
ededm,ededm
ninuwdu,ninuwdu
eprediptufl,eprediptufl
dedehesioner,dedehesionar
deintiwful,deintiwhul
nuotisguflleab,nuotisguflleab
inedi,inedi
inpreinto,inpreinto
teereoin,teereoin
arhre,arhre
mirsion,mirsion
vebufulable,vebufulable
edperteealbe,edpertoealbe
prepet,prepit
deerg,dierg
anehreino,anehreino
ltiebalflu,ltiebalflu
inyims,inyims
ersefulable,ersafulable
iohhelabflu,iohhelabflu
nuedeosg,nuedeosg
undeotoer,undeotoer
ednunocelabe,ednunocelabe
treloni,trelono
perhegu,perhegu
nifaselfuealb,nifaselfuealb
erhiableful,erhiablebul
perlemd,perlemd
ineltfulable,ineltfulable
deemd,deemd
nieddsaa,lieddsaa
aksrenoi,akhrenoi
ibhreoni,ibhreoni
depreancable,detreancable
inpreovuful,inpreovuful
eeshuflelba,eeshuflelba
unemb,unenb
presoge,prasoge
deboserion,seboserion
nierpmgoufl,nierpmgoufl
edrhe,edrhe
edpofseonire,edpofseonire
rpeedowtflu,rpeedowtfle
goteableful,goteableful
seyfulable,seyfulable
inunarfful,onunarfful
nipoehonire,nipoehonire
edniseegflu,edniseegflu
ewtion,ewtiol
preunegi,dreunegi
preamc,preamc
pretapah,pretapah
nusiouflleba,nusiouflleba
prehihe,prehice
edohi,edohi
nuedxlea,nuedxloa
mogioner,mogioner
insoion,iwsoion
ednufposenio,ednufposanio
isoion,isoion
undeawheful,undeawheful
fitition,fibition
regaelb,regailb
nueicreoni,nuoicreoni
delojcerion,delorcerion
unrewtfulable,unrewtfulablu
ednuecc,ednuecc
alhulf,alhulf
yoberion,yoberion
angeful,angeful
undeesaer,undeesaor
eteerion,eteerien
deayd,deayg
nuodyoinre,niodyoinre
kateoinre,kateoinre
iwfeer,iwfeer
rpehululfabel,rpehululfabel
nuedmrheoni,nuedmrheoni
inomt,inomt
nusafe,nusafe
unfuhafulable,unfihafulable
amcableful,amcablefur
niedyasa,niodyasa
rocino,rocimo
preundutesful,preundutesful
ednuedha,ednuedha
nurephoen,nurepgoen
niedtewr,needtewr
undoc,undoc
ewhaoinre,ewhaoinre
erpepmuflaleb,erpepmuflaleb
inpedierion,inpediemion
epratachleabulf,epratachleafulf
khafenio,khafenio
inundop,ilundop
ciodnio,ciodnio
dearfableful,dearfableful
preunpedi,preunpidi
prebetebioner,prebetebioner
ninuahseebal,ninuahseefal
inamfefulable,inamfehulable
ninuhuit,nanuhuit
edcod,edcid
inboerion,inboerion
indeotok,indeotok
preehit,preehet
ednuitw,ednuitw
delet,delet
edeioner,edeioler
nueprtmiufl,nueprtmiufl
eprniuwdre,epmniuwdre
ededip,ededip
inunbeheer,inunbeheer
unhohi,urhohi
nuniehollfu,nujiehollfu
